﻿Sample,treatment,weight,CBDVA,CBD,CBDA,CBGA,THCA,CBC,CBCA
62,1,37,0.136827826,0.584647304,3.174518261,0.047589652,0.108022957,0.043342391,0.11112215
66,1,45,0.1470976,0.66588872,3.8052784,0.0672476,0.1274784,0.043761,0.136403586
69,1,34,0.17051,1.786033846,4.017526154,0.083175077,0.087220308,0.093134615,0.136903877
79,1,32,0.277165253,1.040378182,5.766710303,0.151545051,0.188156121,0.068984848,0.227978502
…,,,,,,,,,
,,,,,,,,,
Data are from a pot trial in a greenhouse (each row is a plant).,,,,,,,,,
All plants are cuttings from the same parent (soil is the same in each pot and position in greenhouse is randomised).,,,,,,,,,
"The ""Sample"" column identifies each plant.",,,,,,,,,
"The ""treatment"" column identifies the level of nitrogen and stress.",,,,,,,,,
Treatments 1 to 4 increase nitrogen and have no stress.,,,,,,,,,
Treatments 5 and 6 are stressed with the same nitrogen as 3.,,,,,,,,,
Weight is biomass on harvesting.,,,,,,,,,
"Main output of interest is CBDA, which is the percentage of biomass that is the chemical of interest.",,,,,,,,,
